<w>
    <file name="ui\ui_actor_hint_wnd">
		<texture id="ui_inGame2_inv_trash"    x="5" y="651" width="29" height="36" />

		<texture id="ui_inGame2_companion_hint"    x="6" y="460" width="19" height="19" />
		 
	    <texture id="ui_inGame2_hint_wnd_main_window_lt"    x="0" y="0" width="60" height="150" />
	    <texture id="ui_inGame2_hint_wnd_main_window_t"     x="60" y="0" width="25" height="150" />
	    <texture id="ui_inGame2_hint_wnd_main_window_rt"    x="211" y="0" width="65" height="150" />

	    <texture id="ui_inGame2_hint_wnd_main_window_l"     x="0" y="112" width="60" height="28" />
	    <texture id="ui_inGame2_hint_wnd_main_window_back"  x="60" y="112" width="25" height="28" />
	    <texture id="ui_inGame2_hint_wnd_main_window_r"     x="211" y="112" width="65" height="28" />

	    <texture id="ui_inGame2_hint_wnd_main_window_lb"    x="0" y="318" width="60" height="85" />
	    <texture id="ui_inGame2_hint_wnd_main_window_b"     x="60" y="318" width="25" height="85" />
	    <texture id="ui_inGame2_hint_wnd_main_window_rb"    x="211" y="318" width="65" height="85" />

	    <texture id="ui_inGame2_hint_wnd_bar"           x="0" y="412" width="128" height="9" />
	    <texture id="ui_inGame2_hint_wnd_bar_alfa_line" x="0" y="422" width="128" height="9" />

	    <texture id="ui_inGame2_hint_wnd_bar_16"           x="0" y="412" width="101" height="9" />
	    <texture id="ui_inGame2_hint_wnd_bar_alfa_line_16" x="0" y="422" width="101" height="9" />

	    <texture id="ui_inGame2_hint_wnd_Information" x="284" y="9" width="242" height="7" />
	    <texture id="ui_inGame2_hint_wnd_Properties" x="284" y="21" width="242" height="7" />
	    <texture id="ui_inGame2_hint_wnd_upgrades" x="284" y="33" width="242" height="7" />

	    <texture id="ui_inGame2_Radar_main_window" x="831" y="9" width="185" height="185" />
	    <texture id="ui_inGame2_Radar_blue_bar" x="540" y="235" width="206" height="206" />
	    <texture id="ui_inGame2_Radar_green_bar" x="748" y="235" width="206" height="206" />
	    <texture id="ui_inGame2_Radar_compass" x="5" y="5" width="185" height="185" />

		<texture id="ui_inGame2_Patroni_HUD_main_window" x="678" y="105" width="184" height="16" />		
		<texture id="ui_inGame2_Patroni_HUD_gold_bar" x="678" y="126" width="184" height="16" />
		<texture id="ui_inGame2_Patroni_HUD_red_bar" x="678" y="147" width="184" height="16" />
		<texture id="ui_inGame2_Patroni_HUD_blue_bar" x="678" y="168" width="184" height="16" />


		<texture id="ui_inGame2_Patroni_HUD_active_items_icon_b" 	x="503" y="92" width="3" height="23" />
		<texture id="ui_inGame2_Patroni_HUD_active_items_icon_back" x="506" y="92" width="3" height="23" />
		<texture id="ui_inGame2_Patroni_HUD_active_items_icon_e" 	x="509" y="92" width="12" height="23" />

	    <texture id="ui_inGame2_radiation_icon_part_1" x="501" y="124" width="21" height="21" />
	    <texture id="ui_inGame2_radiation_icon_part_2" x="499" y="183" width="25" height="25" />
	    <texture id="ui_inGame2_radiation_icon_part_3" x="496" y="251" width="31" height="31" />

	    <texture id="ui_inGame2_blood_icon_part_1" x="505" y="153" width="13" height="20" />
	    <texture id="ui_inGame2_blood_icon_part_2" x="503" y="218" width="17" height="26" />
	    <texture id="ui_inGame2_blood_icon_part_3" x="500" y="289" width="23" height="33" />
		
		<!-- Bleeding -->
	    <texture id="ui_inGame2_circle_bloodloose_green" x="1110" y="96" width="864" height="864" />
	    <texture id="ui_inGame2_circle_bloodloose_yellow" x="1088" y="64" width="896" height="896" />
	    <texture id="ui_inGame2_circle_bloodloose_orange" x="1056" y="32" width="960" height="960" />
	    <texture id="ui_inGame2_circle_bloodloose_red" x="1024" y="0" width="1024" height="1024" />
		
		<!-- Needs: sleep -->
	    <texture id="ui_inGame2_circle_sleep_empty" x="0"	y="0"	width="0"	height="0" />
	    <texture id="ui_inGame2_circle_sleep_green" x="212" y="925" width="20"	height="22" />
	    <texture id="ui_inGame2_circle_sleep_yellow" x="212" y="948" width="20"	height="22" />
	    <texture id="ui_inGame2_circle_sleep_orange" x="212" y="970" width="20"	height="22" />
	    <texture id="ui_inGame2_circle_sleep_red" x="212" y="993" width="20"	height="22" />
		
		<!-- Needs: drink -->
	    <texture id="ui_inGame2_circle_drink_empty" x="0"	y="0"	width="0"	height="0" />
	    <texture id="ui_inGame2_circle_drink_green" x="187" y="925" width="20"	height="22" />
	    <texture id="ui_inGame2_circle_drink_yellow" x="187" y="948" width="20"	height="22" />
	    <texture id="ui_inGame2_circle_drink_orange" x="187" y="970" width="20"	height="22" />
	    <texture id="ui_inGame2_circle_drink_red" x="187" y="993" width="20"	height="22" />
		
		<!-- Needs: hunger -->
	    <texture id="ui_inGame2_circle_hunger_green" x="11" y="925" width="20" height="22" />
	    <texture id="ui_inGame2_circle_hunger_yellow" x="11" y="948" width="20" height="22" />
	    <texture id="ui_inGame2_circle_hunger_orange" x="11" y="970" width="20" height="22" />
	    <texture id="ui_inGame2_circle_hunger_red" x="11" y="993" width="20" height="22" />
		
		<!-- Needs: overweight -->
		<texture id="ui_inGame2_circle_Overweight_green" x="61" y="925" width="20" height="22" />
	    <texture id="ui_inGame2_circle_Overweight_yellow" x="61" y="948" width="20" height="22" />
	    <texture id="ui_inGame2_circle_Overweight_orange" x="61" y="970" width="20" height="22" />
	    <texture id="ui_inGame2_circle_Overweight_red" x="61" y="993" width="20" height="22" />
	    
		<!-- Needs: gun state -->
		<texture id="ui_inGame2_circle_Gunbroken_green" x="86" y="1925" width="20" height="22" />
	    <texture id="ui_inGame2_circle_Gunbroken_yellow" x="86" y="1948" width="20" height="22" />
	    <texture id="ui_inGame2_circle_Gunbroken_orange" x="86" y="1970" width="20" height="22" />
	    <texture id="ui_inGame2_circle_Gunbroken_red" x="86" y="1993" width="20" height="22" />
	    
		<!-- Needs: helmet state -->
		<texture id="ui_inGame2_circle_Helmetbroken_green" x="112" y="1925" width="20" height="22" />
	    <texture id="ui_inGame2_circle_Helmetbroken_yellow" x="112" y="1948" width="20" height="22" />
	    <texture id="ui_inGame2_circle_Helmetbroken_orange" x="112" y="1970" width="20" height="22" />
	    <texture id="ui_inGame2_circle_Helmetbroken_red" x="112" y="1993" width="20" height="22" />
	    
		<!-- Needs: armor state -->
		<texture id="ui_inGame2_circle_Armorbroken_green" x="138" y="1925" width="20" height="22" />
	    <texture id="ui_inGame2_circle_Armorbroken_yellow" x="138" y="1948" width="20" height="22" />
	    <texture id="ui_inGame2_circle_Armorbroken_orange" x="138" y="1970" width="20" height="22" />
	    <texture id="ui_inGame2_circle_Armorbroken_red" x="138" y="1993" width="20" height="22" />
	    
		<!-- Needs: radiation -->
		<texture id="ui_inGame2_circle_radiation_green" x="162" y="925" width="20" height="22" />
	    <texture id="ui_inGame2_circle_radiation_yellow" x="162" y="948" width="20" height="22" />
	    <texture id="ui_inGame2_circle_radiation_orange" x="162" y="970" width="20" height="22" />
	    <texture id="ui_inGame2_circle_radiation_red" x="162" y="993" width="20" height="22" />

		<!-- Danger indicator: radiation -->
		<texture id="ui_inGame2_triangle_Radiation_green" x="419" y="725" width="37" height="33" />
	    <texture id="ui_inGame2_triangle_Radiation_yellow" x="419" y="817" width="37" height="33" />
	    <texture id="ui_inGame2_triangle_Radiation_orange" x="419" y="857" width="37" height="33" />
	    <texture id="ui_inGame2_triangle_Radiation_red" x="419" y="899" width="37" height="33" />
	    
		<!-- Danger indicator: fire -->
		<texture id="ui_inGame2_triangle_Fire_green" x="379" y="725" width="37" height="33" />
		<texture id="ui_inGame2_triangle_Fire_yellow" x="379" y="817" width="37" height="33" />
	    <texture id="ui_inGame2_triangle_Fire_orange" x="379" y="857" width="37" height="33" />
	    <texture id="ui_inGame2_triangle_Fire_red" x="379" y="899" width="37" height="33" />
		
		<!-- Danger indicator: chemical -->
		<texture id="ui_inGame2_triangle_Biological_green" x="459" y="725" width="37" height="33" />
	    <texture id="ui_inGame2_triangle_Biological_yellow" x="459" y="817" width="37" height="33" />
	    <texture id="ui_inGame2_triangle_Biological_orange" x="459" y="857" width="37" height="33" />
	    <texture id="ui_inGame2_triangle_Biological_red" x="459" y="899" width="37" height="33" />
	    
		<!-- Danger indicator: psy -->
		<texture id="ui_inGame2_triangle_Psy_yellow" x="339" y="817" width="37" height="33" />
	    <texture id="ui_inGame2_triangle_Psy_orange" x="339" y="857" width="37" height="33" />
	    <texture id="ui_inGame2_triangle_Psy_red" x="339" y="899" width="37" height="33" />
	    <texture id="ui_inGame2_triangle_Psy_green" x="339" y="725" width="37" height="33" />

		<!-- Protections -->
	    <texture id="ui_inGame2_shield_Psy" x="342" y="958" width="31" height="41" />
	    <texture id="ui_inGame2_shield_Radiation" x="384" y="958" width="31" height="41" />
	    <texture id="ui_inGame2_shield_biological" x="424" y="958" width="31" height="41" />
	    <texture id="ui_inGame2_shield_blood" x="465" y="960" width="29" height="36" />
	    <texture id="ui_inGame2_shield_force" x="502" y="960" width="29" height="36" />
	    <texture id="ui_inGame2_shield_health" x="369" y="681" width="29" height="36" />
	    <texture id="ui_inGame2_shield_stamina" x="401" y="681" width="29" height="36" />
	    <texture id="ui_inGame2_shield_radiation_cleanup" x="433" y="681" width="29" height="36" />

	    <texture id="storyline_task_spot_below" x="502" y="155" width="19" height="16" />
	    <texture id="storyline_task_spot_above" x="502" y="141" width="19" height="16" />
	    <texture id="secondary_task_spot_below" x="502" y="127" width="19" height="16" />
	    <texture id="secondary_task_spot_above" x="502" y="113" width="19" height="16" />

		<!-- (NOT USED) Danger indicator - inventory: Radiation and Bleeding -->
	    <texture id="ui_inGame2_bleeding_inv_green" 	x="1000" y="1000" width="1" height="1" />
	    <texture id="ui_inGame2_bleeding_inv_yellow" 	x="1000" y="1000" width="1" height="1" />
	    <texture id="ui_inGame2_bleeding_inv_red" 		x="1000" y="1000" width="1" height="1" />
		<texture id="ui_inGame2_radiation_inv_green" 	x="1000" y="1000" width="1" height="1" />
	    <texture id="ui_inGame2_radiation_inv_yellow" 	x="1000" y="1000" width="1" height="1" />
	    <texture id="ui_inGame2_radiation_inv_red" 		x="1000" y="1000" width="1" height="1" />

	    <texture id="ui_inGame2_PDA_icon_backpackstash" x="932" y="932" width="27" height="27" />
	    <texture id="ui_inGame2_PDA_icon_actorbackpack" x="962" y="932" width="27" height="27" />
	    <texture id="ui_inGame2_PDA_icon_secret_found"  x="932" y="962" width="27" height="27" />
		
		<texture id="ui_radar_window_new" x="0" y="0" width="0" height="0" />
        <texture id="ui_minimap_point_new" x="510" y="150" width="1" height="1" />
		
		<texture id="ui_inGame2_notify_article" 		x="0" y="898" width="30" height="20" />
		<texture id="ui_inGame2_notify_low_battery" 	x="30" y="898" width="30" height="20" />
		
		<texture id="ui_inGame2_companion_hud_slot" x="0" y="829" width="90" height="67" />
		<texture id="ui_inGame2_companion_health_bar" x="0" y="820" width="80" height="5" />
		<texture id="ui_inGame2_companion_danger_indicator" x="91" y="834" width="80" height="57" />
		
		<!-- Boosters (new) -->
		<texture id="ui_inGame2_indicator_overweight" x="610" y="938" width="43" height="43" />
		<texture id="ui_inGame2_indicator_sleep" x="653" y="938" width="43" height="43" />
		<texture id="ui_inGame2_indicator_hunger" x="696" y="938" width="43" height="43" />
		<texture id="ui_inGame2_indicator_thirst" x="739" y="938" width="43" height="43" />
		
		<texture id="ui_inGame2_booster_ext_rad" x="782" y="938" width="43" height="43" />
		<texture id="ui_inGame2_booster_carry_weight" x="610" y="981" width="43" height="43" />
		<texture id="ui_inGame2_booster_bleed" x="653" y="981" width="43" height="43" />
		<texture id="ui_inGame2_booster_rad" x="696" y="981" width="43" height="43" />
		<texture id="ui_inGame2_booster_health" x="739" y="981" width="43" height="43" />
		<texture id="ui_inGame2_booster_psi" x="782" y="981" width="43" height="43" />
		<texture id="ui_inGame2_booster_chem" x="825" y="981" width="43" height="43" />
		<texture id="ui_inGame2_booster_power" x="868" y="981" width="43" height="43" />
		
		<texture id="ui_inGame2_booster_slot" x="567" y="981" width="43" height="43" />
		<texture id="ui_inGame2_indicator_slot" x="567" y="938" width="43" height="43" />
	</file>
</w>
