
<string_table>
	<string id="ui_st_abandoned_sawmill">
		<text>Abandoned Sawmill in Zaton</text>
	</string>
	<string id="ui_st_abandoned_school">
		<text>Abandoned School in Dead City</text>
	</string>
	<string id="ui_st_abandoned_village">
		<text>Abandoned Village in Army Warehouses</text>
	</string>
	<string id="ui_st_brain_scorcher">
		<text>Brain Scorcher in Red Forest (East)</text>
	</string>
	<string id="ui_st_car_park">
		<text>Car Park in Cordon</text>
	</string>
	<string id="ui_st_construction_site">
		<text>Construction Site in Wild Territory</text>
	</string>
	<string id="ui_st_container_warehouse">
		<text>Container Warehouse in Jupiter</text>
	</string>
	<string id="ui_st_cultural_center">
		<text>Palace of Culture in Pripyat (West)</text>
	</string>
	<string id="ui_st_eastern_factory">
		<text>Eastern Factory in Dark Valley</text>
	</string>
	<string id="ui_st_factory_complex">
		<text>Factory Complex in Agroprom</text>
	</string>
	<string id="ui_st_hermanns_bunker">
		<text>Hermann's Bunker in Jupiter</text>
	</string>
	<string id="ui_st_hidden_base">
		<text>Hidden Base in Great Swamps</text>
	</string>
	<string id="ui_st_kopachy_village">
		<text>Kopachy Village in Jupiter</text>
	</string>
	<string id="ui_st_lodging_house">
		<text>Lodging House in Rostok</text>
	</string>
	<string id="ui_st_makeshift_barracks">
		<text>Makeshift Barracks in Rostok</text>
	</string>
	<string id="ui_st_military_base">
		<text>Military Base in Army Warehouses</text>
	</string>
	<string id="ui_st_northern_factory">
		<text>Northern Factory in Dark Valley</text>
	</string>
	<string id="ui_st_river_port">
		<text>River Port in Pripyat (East)</text>
	</string>
	<string id="ui_st_rookie_village">
		<text>Rookie Village in Cordon</text>
	</string>
	<string id="ui_st_research_institute">
		<text>Research Institute in Agroprom</text>
	</string>
	<string id="ui_st_sakharovs_bunker">
		<text>Sakharov's Bunker in Yantar</text>
	</string>
	<string id="ui_st_skadovsk_shipwreck">
		<text>Skadovsk Shipwreck in Zaton</text>
	</string>
	<string id="ui_st_southern_checkpoint">
		<text>Southern Checkpoint in Cordon</text>
	</string>
	<string id="ui_st_sports_center">
		<text>Sports Centre in Dead City</text>
	</string>
	<string id="ui_st_train_hanger">
		<text>Train Hangar in Garbage</text>
	</string>
	<string id="ui_st_tunnel_entrance">
		<text>Tunnel Entrance in Jupiter</text>
	</string>
	<string id="ui_st_tunnel_refuge">
		<text>Tunnel Refuge in Agr. Underground</text>
	</string>
	<string id="ui_st_tuzla_outpost">
		<text>Tuzla Outpost in Great Swamps</text>
	</string>
	<string id="ui_st_yanov_station">
		<text>Yanov Station in Jupiter</text>
	</string>
	<string id="ui_st_Pripyat_hospital">
		<text>Hospital in Pripyat (West)</text>
	</string>
	<string id="ui_st_red_forest_old_mine">
		<text>Mine Barracks in Red Forest (West)</text>
	</string>
	

	<!inin Last Day inin>
	<string id="ui_st_inp">
		<text>Vehicle Station in Cordon</text>
	</string>
	<string id="ui_st_barricades_in_the_car">
		<text>Car Barricade in Agroprom</text>
	</string>
	<string id="ui_st_camp_in_crane">
		<text>Camp in crane in Chernobyl NPP</text>
	</string>
	<string id="ui_st_camp_on_a_hillock">
		<text>Camp on the hill in Truck Cemetery</text>
	</string>
	<string id="ui_st_check_point">
		<text>Checkpoint in Jupiter</text>
	</string>
	<string id="ui_st_crossroads">
		<text>Intersection in Truck Cemetery</text>
	</string>
	<string id="ui_st_curve_beam">
		<text>Gully Army in Warehouses</text>
	</string>
	<string id="ui_st_deadlock_of_a_tunnel">
		<text>Tunnel in Agroprom</text>
	</string>
	<string id="ui_st_destroyed_bridge">
		<text>Ruined bridge in Dark Valley</text>
	</string>
	<string id="ui_st_eastern_checkpoint">
		<text>Eastern checkpoint in Truck Cemetery</text>
	</string>
	<string id="ui_st_fallen_helicopter">
		<text>Crashed helicopter in Army Warehouses</text>
	</string>
	<string id="ui_st_farm_base_neytral">
		<text>Farm in Cordon</text>
	</string>
	<string id="ui_st_filling_station">
		<text>Petrol Station in Dark Valley</text>
	</string>
	<string id="ui_st_flea_market">
		<text>Flea Market in Garbage</text>
	</string>
	<string id="ui_st_forest_area">
		<text>Forestry in Zaton</text>
	</string>
	<string id="ui_st_halt_behind_a_dump">
		<text>Halt in Truck Cemetery</text>
	</string>
	<string id="ui_st_hideout">
		<text>Hideout in Pripyat (East)</text>
	</string>
	<string id="ui_st_house_on_the_hill">
		<text>House on Hill</text>
	</string>
	<string id="ui_st_kbo_monolith">
		<text>Yubileiny service centre in Pripyat (East)</text>
	</string>
	<string id="ui_st_machine_yard">
		<text>Machine yard in Great Swamps</text>
	</string>
	<string id="ui_st_military_base_two">
		<text>Military base in Generinors</text>
	</string>
	<string id="ui_st_mine_koper">
		<text>Headframe in Red Forest (West)</text>
	</string>
	<string id="ui_st_outpost_of_dolg">
		<text>Duty outpost in Garbage</text>
	</string>
	<string id="ui_st_parking_in_kamaz">
		<text>Parking in Wild Territory</text>
	</string>
	<string id="ui_st_parking_on_a_farm">
		<text>Parking in farm in Dark Valley</text>
	</string>
	<string id="ui_st_parking_under_an_embankment">
		<text>Under the embankment in Great Swamps</text>
	</string>
	<string id="ui_st_pole_bandit_base">
		<text>Bandit's park in Cordon Factory </text>
	</string>
	<string id="ui_st_pole_stalker_village">
		<text>Village near Cordon Factory</text>
	</string>
	<string id="ui_st_post_of_mercenaries">
		<text>Mercenary Checkpoint in Army Warehouses</text>
	</string>
	<string id="ui_st_power_station">
		<text>Outside Yard in Chernobyl NPP</text>
	</string>
	<string id="ui_st_small_village">
		<text>Small Village in Dark Valley</text>
	</string>
	<string id="ui_st_prachechnya">
		<text>Laundromin in Pripyat (East)</text>
	</string>
	<string id="ui_st_processing_station">
		<text>Waste processing Station in  Zaton</text>
	</string>
	<string id="ui_st_ruins">
		<text>Ruins in Abandoned Hospital</text>
	</string>
	<string id="ui_st_store_books_a18">
		<text>Book store in Pripyat (East)</text>
	</string>
	<string id="ui_st_yard">
		<text>Yard in Limansk</text>
	</string>
	<string id="ui_st_yard_with_a_terrace">
		<text>Terrace by yard in Limansk</text>
	</string>
</string_table>
